word,type,definition
"A ",""," The first letter of the English and of many other alphabets. The capital A of the alphabets of Middle and Western Europe, as also the small letter (a), besides the forms in Italic, black letter, etc., are all descended from the old Latin A, which was borrowed from the Greek Alpha, of the same form; and this was made from the first letter (/) of the Phoenician alphabet, the equivalent of the Hebrew Aleph, and itself from the Egyptian origin. The Aleph was a consonant letter, with a guttural breath sound that was not an element of Greek articulation; and the Greeks took it to represent their vowel Alpha with the a sound, the Phoenician alphabet having no vowel symbols."
"A ",""," The name of the sixth tone in the model major scale (that in C), or the first tone of the minor scale, which is named after it the scale in A minor. The second string of the violin is tuned to the A in the treble staff. -- A sharp (A/) is the name of a musical tone intermediate between A and B. -- A flat (A/) is the name of a tone intermediate between A and G."
"A ",""," An adjective, commonly called the indefinite article, and signifying one or any, but less emphatically."
"A ",""," In each; to or for each; as, ''twenty leagues a day'', ''a hundred pounds a year'', ''a dollar a yard'', etc."
"A ","prep."," In; on; at; by."
"A ","prep."," In process of; in the act of; into; to; -- used with verbal substantives in -ing which begin with a consonant. This is a shortened form of the preposition an (which was used before the vowel sound); as in a hunting, a building, a begging."
"A ",""," Of."
"A ",""," A barbarous corruption of have, of he, and sometimes of it and of they."
"A ",""," An expletive, void of sense, to fill up the meter"
"A- ",""," A, as a prefix to English words, is derived from various sources. (1) It frequently signifies on or in (from an, a forms of AS. on), denoting a state, as in afoot, on foot, abed, amiss, asleep, aground, aloft, away (AS. onweg), and analogically, ablaze, atremble, etc. (2) AS. of off, from, as in adown (AS. ofd/ne off the dun or hill). (3) AS. a- (Goth. us-, ur-, Ger. er-), usually giving an intensive force, and sometimes the sense of away, on, back, as in arise, abide, ago. (4) Old English y- or i- (corrupted from the AS. inseparable particle ge-, cognate with OHG. ga-, gi-, Goth. ga-), which, as a prefix, made no essential addition to the meaning, as in aware. (5) French a (L. ad to), as in abase, achieve. (6) L. a, ab, abs, from, as in avert. (7) Greek insep. prefix / without, or privative, not, as in abyss, atheist; akin to E. un-."
"A 1 ",""," A registry mark given by underwriters (as at Lloyd's) to ships in first-class condition. Inferior grades are indicated by A 2 and A 3."
"AAM ","n."," A Dutch and German measure of liquids, varying in different cities, being at Amsterdam about 41 wine gallons, at Antwerp 36 1/2, at Hamburg 38 1/4."
"AARD-VARK ","n."," An edentate mammal, of the genus Orycteropus, somewhat resembling a pig, common in some parts of Southern Africa. It burrows in the ground, and feeds entirely on ants, which it catches with its long, slimy tongue."
"AARD-WOLF ","n."," A carnivorous quadruped (Proteles Lalandii), of South Africa, resembling the fox and hyena. See Proteles."
"AARONIC ","a."," Alt. of Aaronical"
"AARONICAL ","a."," Pertaining to Aaron, the first high priest of the Jews."
"AARON'S ROD ",""," A rod with one serpent twined around it, thus differing from the caduceus of Mercury, which has two."
"AARON'S ROD ",""," A plant with a tall flowering stem; esp. the great mullein, or hag-taper, and the golden-rod."
"AB- ",""," A prefix in many words of Latin origin. It signifies from, away , separating, or departure, as in abduct, abstract, abscond. See A-(6)."
"AB ","n."," The fifth month of the Jewish year according to the ecclesiastical reckoning, the eleventh by the civil computation, coinciding nearly with August."
"ABACA ","n."," The Manila-hemp plant (Musa textilis); also, its fiber. See Manila hemp under Manila."
"ABACINATE ","v. t."," To blind by a red-hot metal plate held before the eyes."
"ABACINATION ","n."," The act of abacinating."
"ABACISCUS ","n."," One of the tiles or squares of a tessellated pavement; an abaculus."
"ABACIST ","n."," One who uses an abacus in casting accounts; a calculator."
"ABACK ","adv."," Toward the back or rear; backward."
"ABACK ","adv."," Behind; in the rear."
"ABACK ","adv."," Backward against the mast; -- said of the sails when pressed by the wind."
"ABACK ","n."," An abacus."
"ABACTINAL ","a."," Pertaining to the surface or end opposite to the mouth in a radiate animal; -- opposed to actinal."
"ABACTION ","n."," Stealing cattle on a large scale."
"ABACTOR ","n."," One who steals and drives away cattle or beasts by herds or droves."
"ABACULI ","pl. "," of Abaculus"
"ABACULUS ","n."," A small tile of glass, marble, or other substance, of various colors, used in making ornamental patterns in mosaic pavements."
"ABACUSES ","pl. "," of Abacus"
"ABACI ","pl. "," of Abacus"
"ABACUS ","n."," A table or tray strewn with sand, anciently used for drawing, calculating, etc."
"ABACUS ","n."," A calculating table or frame; an instrument for performing arithmetical calculations by balls sliding on wires, or counters in grooves, the lowest line representing units, the second line, tens, etc. It is still employed in China."
"ABACUS ","n."," The uppermost member or division of the capital of a column, immediately under the architrave. See Column."
"ABACUS ","n."," A tablet, panel, or compartment in ornamented or mosaic work."
"ABACUS ","n."," A board, tray, or table, divided into perforated compartments, for holding cups, bottles, or the like; a kind of cupboard, buffet, or sideboard."
"ABADA ","n."," The rhinoceros."
"ABADDON ","n."," The destroyer, or angel of the bottomless pit; -- the same as Apollyon and Asmodeus."
"ABADDON ","n."," Hell; the bottomless pit."
"ABAFT ","prep."," Behind; toward the stern from; as, abaft the wheelhouse."
"ABAFT ","adv."," Toward the stern; aft; as, to go abaft."
"ABAISANCE ","n."," Obeisance."
"ABAISER ","n."," Ivory black or animal charcoal."
"ABAIST ","p. p."," Abashed; confounded; discomfited."
"ABALIENATE ","v. t."," To transfer the title of from one to another; to alienate."
"ABALIENATE ","v. t."," To estrange; to withdraw."
"ABALIENATE ","v. t."," To cause alienation of (mind)."
"ABALIENATION ","n."," The act of abalienating; alienation; estrangement."
"ABALONE ","n."," A univalve mollusk of the genus Haliotis. The shell is lined with mother-of-pearl, and used for ornamental purposes; the sea-ear. Several large species are found on the coast of California, clinging closely to the rocks."
"ABAND ","v. t."," To abandon."
"ABAND ","v. t."," To banish; to expel."
"ABANDONED ","imp. & p. p."," of Abandon"
"ABANDONING ","p. pr. & vb. n."," of Abandon"
"ABANDON ","v. t."," To cast or drive out; to banish; to expel; to reject."
"ABANDON ","v. t."," To give up absolutely; to forsake entirely ; to renounce utterly; to relinquish all connection with or concern on; to desert, as a person to whom one owes allegiance or fidelity; to quit; to surrender."
"ABANDON ","v. t."," Reflexively: To give (one's self) up without attempt at self-control; to yield (one's self) unrestrainedly; -- often in a bad sense."
"ABANDON ","v. t."," To relinquish all claim to; -- used when an insured person gives up to underwriters all claim to the property covered by a policy, which may remain after loss or damage by a peril insured against."
"ABANDON ","v."," Abandonment; relinquishment."
"ABANDON ","n."," A complete giving up to natural impulses; freedom from artificial constraint; careless freedom or ease."
"ABANDONED ","a."," Forsaken, deserted."
"ABANDONED ","a."," Self-abandoned, or given up to vice; extremely wicked, or sinning without restraint; irreclaimably wicked ; as, an abandoned villain."
"ABANDONEDLY ","adv."," Unrestrainedly."
"ABANDONEE ","n."," One to whom anything is legally abandoned."
"ABANDONER ","n."," One who abandons."
"ABANDONMENT ","n."," The act of abandoning, or the state of being abandoned; total desertion; relinquishment."
"ABANDONMENT ","n."," The relinquishment by the insured to the underwriters of what may remain of the property insured after a loss or damage by a peril insured against."
"ABANDONMENT ","n."," The relinquishment of a right, claim, or privilege, as to mill site, etc."
"ABANDONMENT ","n."," The voluntary leaving of a person to whom one is bound by a special relation, as a wife, husband, or child; desertion."
"ABANDONMENT ","n."," Careless freedom or ease; abandon."
"ABANDUM ","n."," Anything forfeited or confiscated."
"ABANET ","n."," See Abnet."
"ABANGA ","n."," A West Indian palm; also the fruit of this palm, the seeds of which are used as a remedy for diseases of the chest."
"ABANNATION ","n."," Alt. of Abannition"
"ABANNITION ","n."," Banishment."
"ABARTICULATION ","n."," Articulation, usually that kind of articulation which admits of free motion in the joint; diarthrosis."
"ABASED ","imp. & p. p."," of Abase"
"ABASING ","p. pr. & vb. n."," of Abase"
"ABASE ","a."," To lower or depress; to throw or cast down; as, to abase the eye."
"ABASE ","a."," To cast down or reduce low or lower, as in rank, office, condition in life, or estimation of worthiness; to depress; to humble; to degrade."
"ABASED ","a."," Lowered; humbled."
"ABASED ","a."," Borne lower than usual, as a fess; also, having the ends of the wings turned downward towards the point of the shield."
"ABASEDLY ","adv."," Abjectly; downcastly."
"ABASEMENT ","n."," The act of abasing, humbling, or bringing low; the state of being abased or humbled; humiliation."
"ABASER ","n."," He who, or that which, abases."
"ABASHED ","imp. & p. p."," of Abash"
"ABASHING ","p. pr. & vb. n."," of Abash"
"ABASH ","v. t."," To destroy the self-possession of; to confuse or confound, as by exciting suddenly a consciousness of guilt, mistake, or inferiority; to put to shame; to disconcert; to discomfit."
"ABASHEDLY ","adv."," In an abashed manner."
"ABASHMENT ","n."," The state of being abashed; confusion from shame."
"ABASSI ","n."," Alt. of Abassis"
"ABASSIS ","n."," A silver coin of Persia, worth about twenty cents."
"ABATABLE ","a."," Capable of being abated; as, an abatable writ or nuisance."
"ABATED ","imp. & p. p."," of Abate"
"ABATING ","p. pr. & vb. n."," of Abate"
"ABATE ","v. t."," To beat down; to overthrow."
"ABATE ","v. t."," To bring down or reduce from a higher to a lower state, number, or degree; to lessen; to diminish; to contract; to moderate; to cut short; as, to abate a demand; to abate pride, zeal, hope."
"ABATE ","v. t."," To deduct; to omit; as, to abate something from a price."
"ABATE ","v. t."," To blunt."
"ABATE ","v. t."," To reduce in estimation; to deprive."
"ABATE ","v. t."," To bring entirely down or put an end to; to do away with; as, to abate a nuisance, to abate a writ."
"ABATE ","v. t."," To diminish; to reduce. Legacies are liable to be abated entirely or in proportion, upon a deficiency of assets."
"ABATE ","v. t."," To decrease, or become less in strength or violence; as, pain abates, a storm abates."
"ABATE ","v. t."," To be defeated, or come to naught; to fall through; to fail; as, a writ abates."
"ABATE ","n."," Abatement."
"ABATEMENT ","n."," The act of abating, or the state of being abated; a lessening, diminution, or reduction; removal or putting an end to; as, the abatement of a nuisance is the suppression thereof."
"ABATEMENT ","n."," The amount abated; that which is taken away by way of reduction; deduction; decrease; a rebate or discount allowed."
"ABATEMENT ","n."," A mark of dishonor on an escutcheon."
"ABATEMENT ","n."," The entry of a stranger, without right, into a freehold after the death of the last possessor, before the heir or devisee."
"ABATER ","n."," One who, or that which, abates."
"ABATIS ","n."," Alt. of Abattis"
"ABATTIS ","n."," A means of defense formed by felled trees, the ends of whose branches are sharpened and directed outwards, or against the enemy."
"ABATISED ","a."," Provided with an abatis."
"ABATOR ","n."," One who abates a nuisance."
"ABATOR ","n."," A person who, without right, enters into a freehold on the death of the last possessor, before the heir or devisee."
"ABATTOIRS ","pl. "," of Abattoir"
"ABATTOIR ","n."," A public slaughterhouse for cattle, sheep, etc."
"ABATURE ","n."," Grass and sprigs beaten or trampled down by a stag passing through them."
"ABATVOIX ","n."," The sounding-board over a pulpit or rostrum."
"ABAWED ","p. p."," Astonished; abashed."
"ABAXIAL ","a."," Alt. of Abaxile"
"ABAXILE ","a."," Away from the axis or central line; eccentric."
"ABAY ","n."," Barking; baying of dogs upon their prey. See Bay."
"ABB ","n."," Among weavers, yarn for the warp. Hence, abb wool is wool for the abb."
"ABBA ","n."," Father; religious superior; -- in the Syriac, Coptic, and Ethiopic churches, a title given to the bishops, and by the bishops to the patriarch."
"ABBACIES ","pl. "," of Abbacy"
"ABBACY ","n."," The dignity, estate, or jurisdiction of an abbot."
"ABBATIAL ","a."," Belonging to an abbey; as, abbatial rights."
"ABBATICAL ","a."," Abbatial."
"ABBE ","n."," The French word answering to the English abbot, the head of an abbey; but commonly a title of respect given in France to every one vested with the ecclesiastical habit or dress."
"ABBESS ","n."," A female superior or governess of a nunnery, or convent of nuns, having the same authority over the nuns which the abbots have over the monks. See Abbey."
"ABBEYS ","pl. "," of Abbey"
"ABBEY ","n."," A monastery or society of persons of either sex, secluded from the world and devoted to religion and celibacy; also, the monastic building or buildings."
"ABBEY ","n."," The church of a monastery."
"ABBOT ","n."," The superior or head of an abbey."
"ABBOT ","n."," One of a class of bishops whose sees were formerly abbeys."
"ABBOTSHIP ","n."," The state or office of an abbot."
"ABBREVIATED ","imp. & p. p."," of Abbreviate"
"ABBREVIATING ","p. pr. & vb. n."," of Abbreviate"
"ABBREVIATE ","v. t."," To make briefer; to shorten; to abridge; to reduce by contraction or omission, especially of words written or spoken."
"ABBREVIATE ","v. t."," To reduce to lower terms, as a fraction."
"ABBREVIATE ","a."," Abbreviated; abridged; shortened."
"ABBREVIATE ","a."," Having one part relatively shorter than another or than the ordinary type."
"ABBREVIATE ","n."," An abridgment."
"ABBREVIATED ","a."," Shortened; relatively short; abbreviate."
"ABBREVIATION ","n."," The act of shortening, or reducing."
"ABBREVIATION ","n."," The result of abbreviating; an abridgment."
"ABBREVIATION ","n."," The form to which a word or phrase is reduced by contraction and omission; a letter or letters, standing for a word or phrase of which they are a part; as, Gen. for Genesis; U.S.A. for United States of America."
"ABBREVIATION ","n."," One dash, or more, through the stem of a note, dividing it respectively into quavers, semiquavers, or demi-semiquavers."
"ABBREVIATOR ","n."," One who abbreviates or shortens."
"ABBREVIATOR ","n."," One of a college of seventy-two officers of the papal court whose duty is to make a short minute of a decision on a petition, or reply of the pope to a letter, and afterwards expand the minute into official form."
"ABBREVIATORY ","a."," Serving or tending to abbreviate; shortening; abridging."
"ABBREVIATURE ","n."," An abbreviation; an abbreviated state or form."
"ABBREVIATURE ","n."," An abridgment; a compendium or abstract."
"ABB WOOL ",""," See Abb."
"A B C ",""," The first three letters of the alphabet, used for the whole alphabet."
"A B C ",""," A primer for teaching the alphabet and first elements of reading."
"A B C ",""," The simplest rudiments of any subject; as, the A B C of finance."
"ABDAL ","n."," A religious devotee or dervish in Persia."
"ABDERIAN ","a."," Given to laughter; inclined to foolish or incessant merriment."
"ABDERITE ","n."," An inhabitant of Abdera, in Thrace."
"ABDEST ","n."," Purification by washing the hands before prayer; -- a Mohammedan rite."
"ABDICABLE ","a."," Capable of being abdicated."
"ABDICANT ","a."," Abdicating; renouncing; -- followed by of."
"ABDICANT ","n."," One who abdicates."
"ABDICATED ","imp. & p. p."," of Abdicate"
"ABDICATING ","p. pr. & vb. n."," of Abdicate"
"ABDICATE ","v. t."," To surrender or relinquish, as sovereign power; to withdraw definitely from filling or exercising, as a high office, station, dignity; as, to abdicate the throne, the crown, the papacy."
"ABDICATE ","v. t."," To renounce; to relinquish; -- said of authority, a trust, duty, right, etc."
"ABDICATE ","v. t."," To reject; to cast off."
"ABDICATE ","v. t."," To disclaim and expel from the family, as a father his child; to disown; to disinherit."
"ABDICATE ","v. i."," To relinquish or renounce a throne, or other high office or dignity."
"ABDICATION ","n."," The act of abdicating; the renunciation of a high office, dignity, or trust, by its holder; commonly the voluntary renunciation of sovereign power; as, abdication of the throne, government, power, authority."
"ABDICATIVE ","a."," Causing, or implying, abdication."
"ABDICATOR ","n."," One who abdicates."
"ABDITIVE ","a."," Having the quality of hiding."
"ABDITORY ","n."," A place for hiding or preserving articles of value."
"ABDOMEN ","n."," The belly, or that part of the body between the thorax and the pelvis. Also, the cavity of the belly, which is lined by the peritoneum, and contains the stomach, bowels, and other viscera. In man, often restricted to the part between the diaphragm and the commencement of the pelvis, the remainder being called the pelvic cavity."
"ABDOMEN ","n."," The posterior section of the body, behind the thorax, in insects, crustaceans, and other Arthropoda."
"ABDOMINAL ","a."," Of or pertaining to the abdomen; ventral; as, the abdominal regions, muscles, cavity."
"ABDOMINAL ","a."," Having abdominal fins; belonging to the Abdominales; as, abdominal fishes."
"ABDOMINALS ","pl. "," of Abdominal"
"ABDOMINALES ","pl. "," of Abdominal"
"ABDOMINAL ","n."," A fish of the group Abdominales."
"ABDOMINALES ","n. pl."," A group including the greater part of fresh-water fishes, and many marine ones, having the ventral fins under the abdomen behind the pectorals."
"ABDOMINALIA ","n. pl."," A group of cirripeds having abdominal appendages."
"ABDOMINOSCOPY ","n."," Examination of the abdomen to detect abdominal disease."
"ABDOMINOTHORACIC ","a."," Relating to the abdomen and the thorax, or chest."
"ABDOMINOUS ","a."," Having a protuberant belly; pot-bellied."
"ABDUCED ","imp. & p. p."," of Abduce"
"ABDUCING ","p. pr. & vb. n."," of Abduce"
"ABDUCE ","v. t."," To draw or conduct away; to withdraw; to draw to a different part."
"ABDUCTED ","imp. & p. p."," of Abduct"
"ABDUCTING ","p. pr. & vb. n."," of Abduct"
"ABDUCT ","v. t."," To take away surreptitiously by force; to carry away (a human being) wrongfully and usually by violence; to kidnap."
"ABDUCT ","v. t."," To draw away, as a limb or other part, from its ordinary position."
"ABDUCTION ","n."," The act of abducing or abducting; a drawing apart; a carrying away."
"ABDUCTION ","n."," The movement which separates a limb or other part from the axis, or middle line, of the body."
"ABDUCTION ","n."," The wrongful, and usually the forcible, carrying off of a human being; as, the abduction of a child, the abduction of an heiress."
"ABDUCTION ","n."," A syllogism or form of argument in which the major is evident, but the minor is only probable."
"ABDUCTOR ","n."," One who abducts."
"ABDUCTOR ","n."," A muscle which serves to draw a part out, or form the median line of the body; as, the abductor oculi, which draws the eye outward."
"ABEAM ","adv."," On the beam, that is, on a line which forms a right angle with the ship's keel; opposite to the center of the ship's side."
"ABEAR ","v. t."," To bear; to behave."
"ABEAR ","v. t."," To put up with; to endure."
"ABEARANCE ","n."," Behavior."
"ABEARING ","n."," Behavior."
"ABECEDARIAN ","n."," One who is learning the alphabet; hence, a tyro."
"ABECEDARIAN ","n."," One engaged in teaching the alphabet."
"ABECEDARIAN ","a."," Alt. of Abecedary"
"ABECEDARY ","a."," Pertaining to, or formed by, the letters of the alphabet; alphabetic; hence, rudimentary."
"ABECEDARY ","n."," A primer; the first principle or rudiment of anything."
"ABED ","adv."," In bed, or on the bed."
"ABED ","adv."," To childbed (in the phrase ''brought abed,'' that is, delivered of a child)."
"ABEGGE ",""," Same as Aby."
"ABELE ","n."," The white poplar (Populus alba)."
"ABELIAN ","n."," Alt. of Abelonian"
"ABELITE ","n."," Alt. of Abelonian"
"ABELONIAN ","n."," One of a sect in Africa (4th century), mentioned by St. Augustine, who states that they married, but lived in continence, after the manner, as they pretended, of Abel."
"ABELMOSK ","n."," An evergreen shrub (Hibiscus -- formerly Abelmoschus -- moschatus), of the East and West Indies and Northern Africa, whose musky seeds are used in perfumery and to flavor coffee; -- sometimes called musk mallow."
"ABER-DE-VINE ","n."," The European siskin (Carduelis spinus), a small green and yellow finch, related to the goldfinch."
"ABERR ","v. i."," To wander; to stray."
"ABERRANCE ","n."," Alt. of Aberrancy"
"ABERRANCY ","n."," State of being aberrant; a wandering from the right way; deviation from truth, rectitude, etc."
"ABERRANT ","a."," Wandering; straying from the right way."
"ABERRANT ","a."," Deviating from the ordinary or natural type; exceptional; abnormal."
"ABERRATE ","v. i."," To go astray; to diverge."
"ABERRATION ","n."," The act of wandering; deviation, especially from truth or moral rectitude, from the natural state, or from a type."
"ABERRATION ","n."," A partial alienation of reason."
"ABERRATION ","n."," A small periodical change of position in the stars and other heavenly bodies, due to the combined effect of the motion of light and the motion of the observer; called annual aberration, when the observer's motion is that of the earth in its orbit, and daily or diurnal aberration, when of the earth on its axis; amounting when greatest, in the former case, to 20.4'', and in the latter, to 0.3''. Planetary aberration is that due to the motion of light and the motion of the planet relative to the earth."
"ABERRATION ","n."," The convergence to different foci, by a lens or mirror, of rays of light emanating from one and the same point, or the deviation of such rays from a single focus; called spherical aberration, when due to the spherical form of the lens or mirror, such form giving different foci for central and marginal rays; and chromatic aberration, when due to different refrangibilities of the colored rays of the spectrum, those of each color having a distinct focus."
"ABERRATION ","n."," The passage of blood or other fluid into parts not appropriate for it."
"ABERRATION ","n."," The producing of an unintended effect by the glancing of an instrument, as when a shot intended for A glances and strikes B."
"ABERRATIONAL ","a."," Characterized by aberration."
"ABERUNCATE ","v. t."," To weed out."
"ABERUNCATOR ","n."," A weeding machine."
"ABETTED ","imp. & p. p."," of Abet"
"ABETTING ","p. pr. & vb. n."," of Abet"
"ABET ","v. t."," To instigate or encourage by aid or countenance; -- used in a bad sense of persons and acts; as, to abet an ill-doer; to abet one in his wicked courses; to abet vice; to abet an insurrection."
"ABET ","v. t."," To support, uphold, or aid; to maintain; -- in a good sense."
"ABET ","v. t."," To contribute, as an assistant or instigator, to the commission of an offense."
"ABET ","n."," Act of abetting; aid."
"ABETMENT ","n."," The act of abetting; as, an abetment of treason, crime, etc."
"ABETTAL ","n."," Abetment."
"ABETTER ","n."," Alt. of Abettor"
"ABETTOR ","n."," One who abets; an instigator of an offense or an offender."
"ABEVACUATION ","n."," A partial evacuation."
"ABEYANCE ","n."," Expectancy; condition of being undetermined."
"ABEYANCE ","n."," Suspension; temporary suppression."
"ABEYANCY ","n."," Abeyance."
"ABEYANT ","a."," Being in a state of abeyance."
"ABHAL ","n."," The berries of a species of cypress in the East Indies."
"ABHOMINABLE ","a."," Abominable."
"ABHOMINAL ","a."," Inhuman."
"ABHORRED ","imp. & p. p."," of Abhor"
"ABHORRING ","p. pr. & vb. n."," of Abhor"
"ABHOR ","v. t."," To shrink back with shuddering from; to regard with horror or detestation; to feel excessive repugnance toward; to detest to extremity; to loathe."
"ABHOR ","v. t."," To fill with horror or disgust."
"ABHOR ","v. t."," To protest against; to reject solemnly."
"ABHOR ","v. i."," To shrink back with horror, disgust, or dislike; to be contrary or averse; -- with"
"ABHORRENCE ","n."," Extreme hatred or detestation; the feeling of utter dislike."
"ABHORRENCY ","n."," Abhorrence."
"ABHORRENT ","a."," Abhorring; detesting; having or showing abhorrence; loathing; hence, strongly opposed to; as, abhorrent thoughts."
"ABHORRENT ","a."," Contrary or repugnant; discordant; inconsistent; -- followed by to."
"ABHORRENT ","a."," Detestable."
"ABHORRENTLY ","adv."," With abhorrence."
"ABHORRER ","n."," One who abhors."
"ABHORRIBLE ","a."," Detestable."
"ABHORRING ","n."," Detestation."
"ABHORRING ","n."," Object of abhorrence."
"ABIB ","n."," The first month of the Jewish ecclesiastical year, corresponding nearly to our April. After the Babylonish captivity this month was called Nisan."
"ABIDANCE ","n."," The state of abiding; abode; continuance; compliance (with)."
"ABODE ","imp. & p. p."," of Abide"
"ABID ",""," of Abide"
"ABIDING ","p. pr. & vb. n."," of Abide"
"ABIDE ","v. i."," To wait; to pause; to delay."
"ABIDE ","v. i."," To stay; to continue in a place; to have one's abode; to dwell; to sojourn; -- with with before a person, and commonly with at or in before a place."
"ABIDE ","v. i."," To remain stable or fixed in some state or condition; to continue; to remain."
"ABIDE ","v. t."," To wait for; to be prepared for; to await; to watch for; as, I abide my time."
"ABIDE ","v. t."," To endure; to sustain; to submit to."
"ABIDE ","v. t."," To bear patiently; to tolerate; to put up with."
"ABIDE ","v. t."," To stand the consequences of; to answer for; to suffer for."
"ABIDER ","n."," One who abides, or continues."
"ABIDER ","n."," One who dwells; a resident."
"ABIDING ","a."," Continuing; lasting."
"ABIDINGLY ","adv."," Permanently."
"ABIES ","n."," A genus of coniferous trees, properly called Fir, as the balsam fir and the silver fir. The spruces are sometimes also referred to this genus."
"ABIETENE ","n."," A volatile oil distilled from the resin or balsam of the nut pine (Pinus sabiniana) of California."
"ABIETIC ","a."," Of or pertaining to the fir tree or its products; as, abietic acid, called also sylvic acid."
"ABIETIN ","n."," Alt. of Abietine"
"ABIETINE ","n."," A resinous obtained from Strasburg turpentine or Canada balsam. It is without taste or smell, is insoluble in water, but soluble in alcohol (especially at the boiling point), in strong acetic acid, and in ether."
"ABIETINIC ","a."," Of or pertaining to abietin; as, abietinic acid."
"ABIETITE ","n."," A substance resembling mannite, found in the needles of the common silver fir of Europe (Abies pectinata)."
"ABIGAIL ","n."," A lady's waiting-maid."
"ABILIMENT ","n."," Habiliment."
"ABILITIES ","pl. "," of Ability"
"ABILITY ","n."," The quality or state of being able; power to perform, whether physical, moral, intellectual, conventional, or legal; capacity; skill or competence in doing; sufficiency of strength, skill, resources, etc.; -- in the plural, faculty, talent."
"ABIME ","n."," Alt. of Abyme"
"ABYME ","n."," A abyss."
"ABIOGENESIS ","n."," The supposed origination of living organisms from lifeless matter; such genesis as does not involve the action of living parents; spontaneous generation; -- called also abiogeny, and opposed to biogenesis."
"ABIOGENETIC ","a."," Of or pertaining to abiogenesis."
"ABIOGENIST ","n."," One who believes that life can be produced independently of antecedent."
"ABIOGENOUS ","a."," Produced by spontaneous generation."
"ABIOGENY ","n."," Same as Abiogenesis."
"ABIOLOGICAL ","a."," Pertaining to the study of inanimate things."
"ABIRRITANT ","n."," A medicine that diminishes irritation."
"ABIRRITATE ","v. t."," To diminish the sensibility of; to debilitate."
"ABIRRITATION ","n."," A pathological condition opposite to that of irritation; debility; want of strength; asthenia."
"ABIRRITATIVE ","a."," Characterized by abirritation or debility."
"ABIT ",""," 3d sing. pres. of Abide."
"ABJECT ","a."," Cast down; low-lying."
"ABJECT ","a."," Sunk to a law condition; down in spirit or hope; degraded; servile; groveling; despicable; as, abject posture, fortune, thoughts."
"ABJECT ","a."," To cast off or down; hence, to abase; to degrade; to lower; to debase."
"ABJECT ","n."," A person in the lowest and most despicable condition; a castaway."
"ABJECTEDNESS ","n."," A very abject or low condition; abjectness."
"ABJECTION ","n."," The act of bringing down or humbling."
"ABJECTION ","n."," The state of being rejected or cast out."
"ABJECTION ","n."," A low or downcast state; meanness of spirit; abasement; degradation."
"ABJECTLY ","adv."," Meanly; servilely."
"ABJECTNESS ","n."," The state of being abject; abasement; meanness; servility."
"ABJUDGE ","v. t."," To take away by judicial decision."
"ABJUDICATE ","v. t."," To reject by judicial sentence; also, to abjudge."
"ABJUDICATION ","n."," Rejection by judicial sentence."
"ABJUGATE ","v. t."," To unyoke."
"ABJUNCTIVE ","a."," Exceptional."
"ABJURATION ","n."," The act of abjuring or forswearing; a renunciation upon oath; as, abjuration of the realm, a sworn banishment, an oath taken to leave the country and never to return."
"ABJURATION ","n."," A solemn recantation or renunciation; as, an abjuration of heresy."
"ABJURATORY ","a."," Containing abjuration."
"ABJURED ","imp. & p. p."," of Abjure"
"ABJURING ","p. pr. & vb. n."," of Abjure"
"ABJURE ","v. t."," To renounce upon oath; to forswear; to disavow; as, to abjure allegiance to a prince. To abjure the realm, is to swear to abandon it forever."
"ABJURE ","v. t."," To renounce or reject with solemnity; to recant; to abandon forever; to reject; repudiate; as, to abjure errors."
"ABJURE ","v. i."," To renounce on oath."
"ABJUREMENT ","n."," Renunciation."
"ABJURER ","n."," One who abjures."
"ABLACTATE ","v. t."," To wean."
"ABLACTATION ","n."," The weaning of a child from the breast, or of young beasts from their dam."
"ABLACTATION ","n."," The process of grafting now called inarching, or grafting by approach."
"ABLAQUEATE ","v. t."," To lay bare, as the roots of a tree."
"ABLAQUEATION ","n."," The act or process of laying bare the roots of trees to expose them to the air and water."
"ABLASTEMIC ","a."," Non-germinal."
"ABLATION ","n."," A carrying or taking away; removal."
"ABLATION ","n."," Extirpation."
"ABLATION ","n."," Wearing away; superficial waste."
"ABLATITIOUS ","a."," Diminishing; as, an ablatitious force."
"ABLATIVE ","a."," Taking away or removing."
"ABLATIVE ","a."," Applied to one of the cases of the noun in Latin and some other languages, -- the fundamental meaning of the case being removal, separation, or taking away."
"ABLATIVE ",""," The ablative case."
"ABLAUT ","n."," The substitution of one root vowel for another, thus indicating a corresponding modification of use or meaning; vowel permutation; as, get, gat, got; sing, song; hang, hung."
"ABLAZE ","adv. & a."," On fire; in a blaze, gleaming."
"ABLAZE ","adv. & a."," In a state of glowing excitement or ardent desire."
"ABLE ","superl."," Fit; adapted; suitable."
"ABLE ","superl."," Having sufficient power, strength, force, skill, means, or resources of any kind to accomplish the object; possessed of qualifications rendering competent for some end; competent; qualified; capable; as, an able workman, soldier, seaman, a man able to work; a mind able to reason; a person able to be generous; able to endure pain; able to play on a piano."
"ABLE ","superl."," Specially: Having intellectual qualifications, or strong mental powers; showing ability or skill; talented; clever; powerful; as, the ablest man in the senate; an able speech."
"ABLE ","superl."," Legally qualified; possessed of legal competence; as, able to inherit or devise property."
"ABLE ","a."," To make able; to enable; to strengthen."
"ABLE ","a."," To vouch for."
"-ABLE ",""," An adjective suffix now usually in a passive sense; able to be; fit to be; expressing capacity or worthiness in a passive sense; as, movable, able to be moved; amendable, able to be amended; blamable, fit to be blamed; salable."
"ABLE-BODIED ","a."," Having a sound, strong body; physically competent; robust."
"ABLEGATE ","v. t."," To send abroad."
"ABLEGATE ","n."," A representative of the pope charged with important commissions in foreign countries, one of his duties being to bring to a newly named cardinal his insignia of office."
"ABLEGATION ","n."," The act of sending abroad."
"ABLE-MINDED ","a."," Having much intellectual power."
"ABLENESS ","n."," Ability of body or mind; force; vigor."
"ABLEPSY ","n."," Blindness."
"ABLER ","a."," comp. of Able."
"ABLER ","a."," superl. of Able."
"ABLET ",""," Alt. of Ablen"
"ABLEN ",""," A small fresh-water fish (Leuciscus alburnus); the bleak."
"ABLIGATE ","v. t."," To tie up so as to hinder from."
"ABLIGURITION ","n."," Prodigal expense for food."
"ABLINS ","adv."," Perhaps."
"ABLOOM ","adv."," In or into bloom; in a blooming state."
"ABLUDE ","v. t."," To be unlike; to differ."
"ABLUENT ","a."," Washing away; carrying off impurities; detergent."
"ABLUENT ","n."," A detergent."
"ABLUSH ","adv. & a."," Blushing; ruddy."
"ABLUTION ","n."," The act of washing or cleansing; specifically, the washing of the body, or some part of it, as a religious rite."
"ABLUTION ","n."," The water used in cleansing."
"ABLUTION ","n."," A small quantity of wine and water, which is used to wash the priest's thumb and index finger after the communion, and which then, as perhaps containing portions of the consecrated elements, is drunk by the priest."
"ABLUTIONARY ","a."," Pertaining to ablution."
"ABLUVION ","n."," That which is washed off."
"ABLY ","adv."," In an able manner; with great ability; as, ably done, planned, said."
"-ABLY ",""," A suffix composed of -able and the adverbial suffix -ly; as, favorably."
"ABNEGATED ","imp. & p. p."," of Abnegate"
"ABNEGATING ","p. pr. & vb. n."," of Abnegate"
"ABNEGATE ","v. t."," To deny and reject; to abjure."
"ABNEGATION ","n."," a denial; a renunciation."
"ABNEGATIVE ","a."," Denying; renouncing; negative."
"ABNEGATOR ","n."," One who abnegates, denies, or rejects anything."
"ABNET ","n."," The girdle of a Jewish priest or officer."
"ABNODATE ","v. t."," To clear (tress) from knots."
"ABNODATION ","n."," The act of cutting away the knots of trees."
"ABNORMAL ","a."," Not conformed to rule or system; deviating from the type; anomalous; irregular."
"ABNORMALITIES ","pl. "," of Abnormality"
"ABNORMALITY ","n."," The state or quality of being abnormal; variation; irregularity."
"ABNORMALITY ","n."," Something abnormal."
"ABNORMALLY ","adv."," In an abnormal manner; irregularly."
"ABNORMITIES ","pl. "," of Abnormity"
"ABNORMITY ","n."," Departure from the ordinary type; irregularity; monstrosity."
"ABNORMOUS ","a."," Abnormal; irregular."
"ABOARD ","adv."," On board; into or within a ship or boat; hence, into or within a railway car."
"ABOARD ","adv."," Alongside; as, close aboard."
"ABOARD ","prep."," On board of; as, to go aboard a ship."
"ABOARD ","prep."," Across; athwart."
"ABODANCE ","n."," An omen; a portending."
"ABODE ",""," pret. of Abide."
"ABODE ","n."," Act of waiting; delay."
"ABODE ","n."," Stay or continuance in a place; sojourn."
"ABODE ","n."," Place of continuance, or where one dwells; abiding place; residence; a dwelling; a habitation."
"ABODE ","v. t."," An omen."
"ABODE ","v. t."," To bode; to foreshow."
"ABODE ","v. i."," To be ominous."
"ABODEMENT ","n."," A foreboding; an omen."
"ABODING ","n."," A foreboding."
"ABOLISHED ","imp. & p. p."," of Abolish"
"ABOLISHING ","p. pr. & vb. n."," of Abolish"
"ABOLISH ","v. t."," To do away with wholly; to annul; to make void; -- said of laws, customs, institutions, governments, etc.; as, to abolish slavery, to abolish folly."
"ABOLISH ","v. t."," To put an end to, or destroy, as a physical objects; to wipe out."
"ABOLISHABLE ","a."," Capable of being abolished."
"ABOLISHER ","n."," One who abolishes."
"ABOLISHMENT ","n."," The act of abolishing; abolition; destruction."
"ABOLITION ","n."," The act of abolishing, or the state of being abolished; an annulling; abrogation; utter destruction; as, the abolition of slavery or the slave trade; the abolition of laws, decrees, ordinances, customs, taxes, debts, etc."
"ABOLITIONISM ","n."," The principles or measures of abolitionists."
"ABOLITIONIST ","n."," A person who favors the abolition of any institution, especially negro slavery."
"ABOLITIONIZE ","v. t."," To imbue with the principles of abolitionism."
"ABOMA ","n."," A large South American serpent (Boa aboma)."
"ABOMASUM ","n."," Alt. of Abomasus"
"ABOMASUS ","n."," The fourth or digestive stomach of a ruminant, which leads from the third stomach omasum. See Ruminantia."
"ABOMINABLE ","a."," Worthy of, or causing, abhorrence, as a thing of evil omen; odious in the utmost degree; very hateful; detestable; loathsome; execrable."
"ABOMINABLE ","a."," Excessive; large; -- used as an intensive."
"ABOMINABLENESS ","n."," The quality or state of being abominable; odiousness."
"ABOMINABLY ","adv."," In an abominable manner; very odiously; detestably."
"ABOMINATED ","imp. & p. p."," of Abominate"
"ABOMINATING ","p. pr. & vb. n."," of Abominate"
"ABOMINATE ","v. t."," To turn from as ill-omened; to hate in the highest degree, as if with religious dread; loathe; as, to abominate all impiety."
"ABOMINATION ","n."," The feeling of extreme disgust and hatred; abhorrence; detestation; loathing; as, he holds tobacco in abomination."
"ABOMINATION ","n."," That which is abominable; anything hateful, wicked, or shamefully vile; an object or state that excites disgust and hatred; a hateful or shameful vice; pollution."
"ABOMINATION ","n."," A cause of pollution or wickedness."
"ABOON ","prep."," and adv. Above."
"ABORAL ","a."," Situated opposite to, or away from, the mouth."
"ABORD ","n."," Manner of approaching or accosting; address."
"ABORD ","v. t."," To approach; to accost."
"ABORIGINAL ","a."," First; original; indigenous; primitive; native; as, the aboriginal tribes of America."
"ABORIGINAL ","a."," Of or pertaining to aborigines; as, a Hindoo of aboriginal blood."
"ABORIGINAL ","n."," An original inhabitant of any land; one of the aborigines."
"ABORIGINAL ","n."," An animal or a plant native to the region."
"ABORIGINALITY ","n."," The quality of being aboriginal."
"ABORIGINALLY ","adv."," Primarily."
"ABORIGINES ","n. pl."," The earliest known inhabitants of a country; native races."
"ABORIGINES ","n. pl."," The original fauna and flora of a geographical area"
"ABORSEMENT ","n."," Abortment; abortion."
"ABORSIVE ","a."," Abortive."
"ABORT ","v. i."," To miscarry; to bring forth young prematurely."
"ABORT ","v. i."," To become checked in normal development, so as either to remain rudimentary or shrink away wholly; to become sterile."
"ABORT ","n."," An untimely birth."
"ABORT ","n."," An aborted offspring."
"ABORTED ","a."," Brought forth prematurely."
"ABORTED ","a."," Rendered abortive or sterile; undeveloped; checked in normal development at a very early stage; as, spines are aborted branches."
"ABORTICIDE ","n."," The act of destroying a fetus in the womb; feticide."
"ABORTIFACIENT ","v."," Producing miscarriage."
"ABORTIFACIENT ","n."," A drug or an agent that causes premature delivery."
"ABORTION ","n."," The act of giving premature birth; particularly, the expulsion of the human fetus prematurely, or before it is capable of sustaining life; miscarriage."
"ABORTION ","n."," The immature product of an untimely birth."
"ABORTION ","n."," Arrest of development of any organ, so that it remains an imperfect formation or is absorbed."
"ABORTION ","n."," Any fruit or produce that does not come to maturity, or anything which in its progress, before it is matured or perfect; a complete failure; as, his attempt proved an abortion."
"ABORTIONAL ","a."," Pertaining to abortion; miscarrying; abortive."
"ABORTIONIST ","n."," One who procures abortion or miscarriage."
"ABORTIVE ","v."," Produced by abortion; born prematurely; as, an abortive child."
"ABORTIVE ","v."," Made from the skin of a still-born animal; as, abortive vellum."
"ABORTIVE ","v."," Rendering fruitless or ineffectual."
"ABORTIVE ","v."," Coming to naught; failing in its effect; miscarrying; fruitless; unsuccessful; as, an abortive attempt."
"ABORTIVE ","v."," Imperfectly formed or developed; rudimentary; sterile; as, an abortive organ, stamen, ovule, etc."
"ABORTIVE ","v."," Causing abortion; as, abortive medicines."
"ABORTIVE ","v."," Cutting short; as, abortive treatment of typhoid fever."
"ABORTIVE ","n."," That which is born or brought forth prematurely; an abortion."
"ABORTIVE ","n."," A fruitless effort or issue."
"ABORTIVE ","n."," A medicine to which is attributed the property of causing abortion."
"ABORTIVELY ","adv."," In an abortive or untimely manner; immaturely; fruitlessly."
"ABORTIVENESS ","n."," The quality of being abortive."
"ABORTMENT ","n."," Abortion."
"ABOUGHT ",""," imp. & p. p. of Aby."
"ABOUNDED ","imp. & p. p."," of Abound"
"ABOUNDING ","p. pr. & vb. n."," of Abound"
"ABOUND ","v. i."," To be in great plenty; to be very prevalent; to be plentiful."
"ABOUND ","v. i."," To be copiously supplied; -- followed by in or with."
"ABOUT ","prep."," Around; all round; on every side of."
"ABOUT ","prep."," In the immediate neighborhood of; in contiguity or proximity to; near, as to place; by or on (one's person)."
"ABOUT ","prep."," Over or upon different parts of; through or over in various directions; here and there in; to and fro in; throughout."
"ABOUT ","prep."," Near; not far from; -- determining approximately time, size, quantity."
"ABOUT ","prep."," In concern with; engaged in; intent on."
"ABOUT ","prep."," On the point or verge of; going; in act of."
"ABOUT ","prep."," Concerning; with regard to; on account of; touching."
"ABOUT ","adv."," On all sides; around."
"ABOUT ","adv."," In circuit; circularly; by a circuitous way; around the outside; as, a mile about, and a third of a mile across."
"ABOUT ","adv."," Here and there; around; in one place and another."
"ABOUT ","adv."," Nearly; approximately; with close correspondence, in quality, manner, degree, etc.; as, about as cold; about as high; -- also of quantity, number, time."
"ABOUT ","adv."," To a reserved position; half round; in the opposite direction; on the opposite tack; as, to face about; to turn one's self about."
"ABOUT-SLEDGE ","n."," The largest hammer used by smiths."
"ABOVE ","prep."," In or to a higher place; higher than; on or over the upper surface; over; -- opposed to below or beneath."
"ABOVE ","prep."," Figuratively, higher than; superior to in any respect; surpassing; beyond; higher in measure or degree than; as, things above comprehension; above mean actions; conduct above reproach."
"ABOVE ","prep."," Surpassing in number or quantity; more than; as, above a hundred. (Passing into the adverbial sense. See Above, adv., 4.)"
"ABOVE ","adv."," In a higher place; overhead; into or from heaven; as, the clouds above."
"ABOVE ","adv."," Earlier in order; higher in the same page; hence, in a foregoing page."
"ABOVE ","adv."," Higher in rank or power; as, he appealed to the court above."
"ABOVE ","adv."," More than; as, above five hundred were present."
"ABOVEBOARD ","adv."," Above the board or table. Hence: in open sight; without trick, concealment, or deception."
"ABOVE-CITED ","a."," Cited before, in the preceding part of a book or writing."
"ABOVEDECK ","a."," On deck; and hence, like aboveboard, without artifice."
"ABOVE-MENTIONED ","a."," Alt. of Above-named"
"ABOVE-NAMED ","a."," Mentioned or named before; aforesaid."
"ABOVESAID ","a."," Mentioned or recited before."
"ABOX ","adv. & a."," Braced aback."
"ABRACADABRA ","n."," A mystical word or collocation of letters written as in the figure. Worn on an amulet it was supposed to ward off fever. At present the word is used chiefly in jest to denote something without meaning; jargon."
"ABRADANT ","n."," A material used for grinding, as emery, sand, powdered glass, etc."
"ABRADED ","imp. & p. p."," of Abrade"
"ABRADING ","p. pr. & vb. n."," of Abrade"
"ABRADE ","v. t."," To rub or wear off; to waste or wear away by friction; as, to abrade rocks."
"ABRADE ","v. t."," Same as Abraid."
"ABRAHAMIC ","a."," Pertaining to Abraham, the patriarch; as, the Abrachamic covenant."
"ABRAHAMITIC ","a."," Alt. of ical"
"ICAL ","a."," Relating to the patriarch Abraham."
"ABRAHAM-MAN ","n."," Alt. of Abram-man"
"ABRAM-MAN ","n."," One of a set of vagabonds who formerly roamed through England, feigning lunacy for the sake of obtaining alms."
"ABRAID ","v. t. & i."," To awake; to arouse; to stir or start up; also, to shout out."
"ABRANCHIAL ","a."," Abranchiate."
"ABRANCHIATA ","n. pl."," A group of annelids, so called because the species composing it have no special organs of respiration."
"ABRANCHIATE ","a."," Without gills."
"ABRASE ","a."," Rubbed smooth."
"ABRASION ","n."," The act of abrading, wearing, or rubbing off; the wearing away by friction; as, the abrasion of coins."
"ABRASION ","n."," The substance rubbed off."
"ABRASION ","n."," A superficial excoriation, with loss of substance under the form of small shreds."
"ABRASIVE ","a."," Producing abrasion."
"ABRAUM ","n."," Alt. of Abraum salts"
"ABRAUM SALTS ","n."," A red ocher used to darken mahogany and for making chloride of potassium."
"ABRAXAS ","n."," A mystical word used as a charm and engraved on gems among the ancients; also, a gem stone thus engraved."
"ABRAY ","v."," See Abraid."
"ABREAST ","adv."," Side by side, with breasts in a line; as, ''Two men could hardly walk abreast.''"
"ABREAST ","adv."," Side by side; also, opposite; over against; on a line with the vessel's beam; -- with of."
"ABREAST ","adv."," Up to a certain level or line; equally advanced; as, to keep abreast of [or with] the present state of science."
"ABREAST ","adv."," At the same time; simultaneously."
"ABREGGE ","v. t."," See Abridge."
"ABRENOUNCE ","v. t."," To renounce."
"ABRENUNCIATION ","n."," Absolute renunciation or repudiation."
"ABREPTION ","n."," A snatching away."
"ABREUVOIR ","n."," The joint or interstice between stones, to be filled with mortar."
"ABRICOCK ","n."," See Apricot."
"ABRIDGED ","imp. & p. p."," of Abridge"
"ABRIDGING ","p. pr. & vb. n."," of Abridge"
"ABRIDGE ","v. t."," To make shorter; to shorten in duration; to lessen; to diminish; to curtail; as, to abridge labor; to abridge power or rights."
"ABRIDGE ","v. t."," To shorten or contract by using fewer words, yet retaining the sense; to epitomize; to condense; as, to abridge a history or dictionary."
"ABRIDGE ","v. t."," To deprive; to cut off; -- followed by of, and formerly by from; as, to abridge one of his rights."
"ABRIDGER ","n."," One who abridges."
"ABRIDGMENT ","n."," The act of abridging, or the state of being abridged; diminution; lessening; reduction or deprivation; as, an abridgment of pleasures or of expenses."
"ABRIDGMENT ","n."," An epitome or compend, as of a book; a shortened or abridged form; an abbreviation."
"ABRIDGMENT ","n."," That which abridges or cuts short; hence, an entertainment that makes the time pass quickly."
"ABROACH ","v. t."," To set abroach; to let out, as liquor; to broach; to tap."
"ABROACH ","adv."," Broached; in a condition for letting out or yielding liquor, as a cask which is tapped."
"ABROACH ","adv."," Hence: In a state to be diffused or propagated; afoot; astir."
"ABROAD ","adv."," At large; widely; broadly; over a wide space; as, a tree spreads its branches abroad."
"ABROAD ","adv."," Without a certain confine; outside the house; away from one's abode; as, to walk abroad."
"ABROAD ","adv."," Beyond the bounds of a country; in foreign countries; as, we have broils at home and enemies abroad."
"ABROAD ","adv."," Before the public at large; throughout society or the world; here and there; widely."
"ABROGABLE ","a."," Capable of being abrogated."
"ABROGATE ","a."," Abrogated; abolished."
"ABROGATED ","imp. & p. p."," of Abrogate"
"ABROGATING ","p. pr. & vb. n."," of Abrogate"
"ABROGATE ","v. t."," To annul by an authoritative act; to abolish by the authority of the maker or his successor; to repeal; -- applied to the repeal of laws, decrees, ordinances, the abolition of customs, etc."
"ABROGATE ","v. t."," To put an end to; to do away with."
"ABROGATION ","n."," The act of abrogating; repeal by authority."
"ABROGATIVE ","a."," Tending or designed to abrogate; as, an abrogative law."
"ABROGATOR ","n."," One who repeals by authority."
"ABROOD ","adv."," In the act of brooding."
"ABROOK ","v. t."," To brook; to endure."
"ABRUPT ","a."," Broken off; very steep, or craggy, as rocks, precipices, banks; precipitous; steep; as, abrupt places."
"ABRUPT ","a."," Without notice to prepare the mind for the event; sudden; hasty; unceremonious."
"ABRUPT ","a."," Having sudden transitions from one subject to another; unconnected."
"ABRUPT ","a."," Suddenly terminating, as if cut off."
"ABRUPT ","n."," An abrupt place."
"ABRUPT ","v. t."," To tear off or asunder."
"ABRUPTION ","n."," A sudden breaking off; a violent separation of bodies."
"ABRUPTLY ","adv."," In an abrupt manner; without giving notice, or without the usual forms; suddenly."
"ABRUPTLY ","adv."," Precipitously."
"ABRUPTNESS ","n."," The state of being abrupt or broken; craggedness; ruggedness; steepness."
"ABRUPTNESS ","n."," Suddenness; unceremonious haste or vehemence; as, abruptness of style or manner."
"ABSCESSES ","pl. "," of Abscess"
"ABSCESS ","n."," A collection of pus or purulent matter in any tissue or organ of the body, the result of a morbid process."
"ABSCESSION ","n."," A separating; removal; also, an abscess."
"ABSCIND ","v. t."," To cut off."
"ABSCISION ","n."," See Abscission."
"ABSCISSES ","pl. "," of Absciss"
"ABSCISS ","n."," See Abscissa."
"ABSCISSAS ","pl. "," of Abscissa"
"ABSCISSAE ","pl. "," of Abscissa"
"ABSCISSA ","n."," One of the elements of reference by which a point, as of a curve, is referred to a system of fixed rectilineal coordinate axes."
"ABSCISSION ","n."," The act or process of cutting off."
"ABSCISSION ","n."," The state of being cut off."
"ABSCISSION ","n."," A figure of speech employed when a speaker having begun to say a thing stops abruptly: thus, ''He is a man of so much honor and candor, and of such generosity -- but I need say no more.''"
"ABSCONDED ","imp. & p. p."," of Abscond"
"ABSCONDING ","p. pr. & vb. n."," of Abscond"
"ABSCOND ","v. i."," To hide, withdraw, or be concealed."
"ABSCOND ","v. i."," To depart clandestinely; to steal off and secrete one's self; -- used especially of persons who withdraw to avoid a legal process; as, an absconding debtor."
"ABSCOND ","v. t."," To hide; to conceal."
"ABSCONDENCE ","n."," Fugitive concealment; secret retirement; hiding."
"ABSCONDER ","n."," One who absconds."
"ABSENCE ","n."," A state of being absent or withdrawn from a place or from companionship; -- opposed to presence."
"ABSENCE ","n."," Want; destitution; withdrawal."
"ABSENCE ","n."," Inattention to things present; abstraction (of mind); as, absence of mind."
"ABSENT ","a."," Being away from a place; withdrawn from a place; not present."
"ABSENT ","a."," Not existing; lacking; as, the part was rudimental or absent."
"ABSENT ","a."," Inattentive to what is passing; absent-minded; preoccupied; as, an absent air."
"ABSENTED ","imp. & p. p."," of Absent"
"ABSENTING ","p. pr. & vb. n."," of Absent"
"ABSENT ","v. t."," To take or withdraw (one's self) to such a distance as to prevent intercourse; -- used with the reflexive pronoun."
"ABSENT ","v. t."," To withhold from being present."
"ABSENTANEOUS ","a."," Pertaining to absence."
"ABSENTATION ","n."," The act of absenting one's self."
"ABSENTEE ","n."," One who absents himself from his country, office, post, or duty; especially, a landholder who lives in another country or district than that where his estate is situated; as, an Irish absentee."
"ABSENTEEISM ","n."," The state or practice of an absentee; esp. the practice of absenting one's self from the country or district where one's estate is situated."
"ABSENTER ","n."," One who absents one's self."
"ABSENTLY ","adv."," In an absent or abstracted manner."
"ABSENTMENT ","n."," The state of being absent; withdrawal."
"ABSENT-MINDED ","a."," Absent in mind; abstracted; preoccupied."
"ABSENTNESS ","n."," The quality of being absent-minded."
"ABSEY-BOOK ","n."," An A-B-C book; a primer."
"ABSINTHATE ","n."," A combination of absinthic acid with a base or positive radical."
"ABSINTH ","n."," Alt. of Absinthe"
"ABSINTHE ","n."," The plant absinthium or common wormwood."
"ABSINTHE ","n."," A strong spirituous liqueur made from wormwood and brandy or alcohol."
"ABSINTHIAL ","a."," Of or pertaining to wormwood; absinthian."
"ABSINTHIAN ","n."," Of the nature of wormwood."
"ABSINTHIATE ","v. t."," To impregnate with wormwood."
"ABSINTHIATED ","a."," Impregnated with wormwood; as, absinthiated wine."
"ABSINTHIC ","a."," Relating to the common wormwood or to an acid obtained from it."
"ABSINTHIN ","n."," The bitter principle of wormwood (Artemisia absinthium)."
"ABSINTHISM ","n."," The condition of being poisoned by the excessive use of absinth."
"ABSINTHIUM ","n."," The common wormwood (Artemisia absinthium), an intensely bitter plant, used as a tonic and for making the oil of wormwood."
"ABSIS ","n."," See Apsis."
"ABSIST ","v. i."," To stand apart from; top leave off; to desist."
"ABSISTENCE ","n."," A standing aloof."
"ABSOLUTE ","a."," Loosed from any limitation or condition; uncontrolled; unrestricted; unconditional; as, absolute authority, monarchy, sovereignty, an absolute promise or command; absolute power; an absolute monarch."
"ABSOLUTE ","a."," Complete in itself; perfect; consummate; faultless; as, absolute perfection; absolute beauty."
"ABSOLUTE ","a."," Viewed apart from modifying influences or without comparison with other objects; actual; real; -- opposed to relative and comparative; as, absolute motion; absolute time or space."
"ABSOLUTE ","a."," Loosed from, or unconnected by, dependence on any other being; self-existent; self-sufficing."
"ABSOLUTE ","a."," Capable of being thought or conceived by itself alone; unconditioned; non-relative."
"ABSOLUTE ","a."," Positive; clear; certain; not doubtful."
"ABSOLUTE ","a."," Authoritative; peremptory."
"ABSOLUTE ","a."," Pure; unmixed; as, absolute alcohol."
"ABSOLUTE ","a."," Not immediately dependent on the other parts of the sentence in government; as, the case absolute. See Ablative absolute, under Ablative."
"ABSOLUTE ","n."," In a plane, the two imaginary circular points at infinity; in space of three dimensions, the imaginary circle at infinity."
"ABSOLUTELY ","adv."," In an absolute, independent, or unconditional manner; wholly; positively."
"ABSOLUTENESS ","n."," The quality of being absolute; independence of everything extraneous; unlimitedness; absolute power; independent reality; positiveness."
"ABSOLUTION ","n."," An absolving, or setting free from guilt, sin, or penalty; forgiveness of an offense."
"ABSOLUTION ","n."," An acquittal, or sentence of a judge declaring and accused person innocent."
"ABSOLUTION ","n."," The exercise of priestly jurisdiction in the sacrament of penance, by which Catholics believe the sins of the truly penitent are forgiven."
"ABSOLUTION ","n."," An absolving from ecclesiastical penalties, -- for example, excommunication."
"ABSOLUTION ","n."," The form of words by which a penitent is absolved."
"ABSOLUTION ","n."," Delivery, in speech."
"ABSOLUTISM ","n."," The state of being absolute; the system or doctrine of the absolute; the principles or practice of absolute or arbitrary government; despotism."
"ABSOLUTISM ","n."," Doctrine of absolute decrees."
"ABSOLUTIST ","n."," One who is in favor of an absolute or autocratic government."
"ABSOLUTIST ","n."," One who believes that it is possible to realize a cognition or concept of the absolute."
"ABSOLUTIST ","a."," Of or pertaining to absolutism; arbitrary; despotic; as, absolutist principles."
"ABSOLUTISTIC ","a."," Pertaining to absolutism; absolutist."
"ABSOLUTORY ","a."," Serving to absolve; absolving."
"ABSOLVABLE ","a."," That may be absolved."
"ABSOLVATORY ","a."," Conferring absolution; absolutory."
"ABSOLVED ","imp. & p. p."," of Absolve"
"ABSOLVING ","p. pr. & vb. n."," of Absolve"
"ABSOLVE ","v. t."," To set free, or release, as from some obligation, debt, or responsibility, or from the consequences of guilt or such ties as it would be sin or guilt to violate; to pronounce free; as, to absolve a subject from his allegiance; to absolve an offender, which amounts to an acquittal and remission of his punishment."
"ABSOLVE ","v. t."," To free from a penalty; to pardon; to remit (a sin); -- said of the sin or guilt."
"ABSOLVE ","v. t."," To finish; to accomplish."
"ABSOLVE ","v. t."," To resolve or explain."
"ABSOLVENT ","a."," Absolving."
"ABSOLVENT ","n."," An absolver."
"ABSOLVER ","n."," One who absolves."
"ABSONANT ","a."," Discordant; contrary; -- opposed to consonant."
"ABSONOUS ","a."," Discordant; inharmonious; incongruous."
"ABSORBED ","imp. & p. p."," of Absorb"
"ABSORBING ","p. pr. & vb. n."," of Absorb"
"ABSORB ","v. t."," To swallow up; to engulf; to overwhelm; to cause to disappear as if by swallowing up; to use up; to include."
"ABSORB ","v. t."," To suck up; to drink in; to imbibe; as a sponge or as the lacteals of the body."
"ABSORB ","v. t."," To engross or engage wholly; to occupy fully; as, absorbed in study or the pursuit of wealth."
"ABSORB ","v. t."," To take up by cohesive, chemical, or any molecular action, as when charcoal absorbs gases. So heat, light, and electricity are absorbed or taken up in the substances into which they pass."
"ABSORBABILITY ","n."," The state or quality of being absorbable."
"ABSORBABLE ","a."," Capable of being absorbed or swallowed up."
"ABSORBEDLY ","adv."," In a manner as if wholly engrossed or engaged."
"ABSORBENCY ","n."," Absorptiveness."
"ABSORBENT ","a."," Absorbing; swallowing; absorptive."
"ABSORBENT ","n."," Anything which absorbs."
"ABSORBENT ","n."," Any substance which absorbs and neutralizes acid fluid in the stomach and bowels, as magnesia, chalk, etc.; also a substance e. g., iodine) which acts on the absorbent vessels so as to reduce enlarged and indurated parts."
"ABSORBENT ","n."," The vessels by which the processes of absorption are carried on, as the lymphatics in animals, the extremities of the roots in plants."
"ABSORBER ","n."," One who, or that which, absorbs."
"ABSORBING ","a."," Swallowing, engrossing; as, an absorbing pursuit."
"ABSORBITION ","n."," Absorption."
"ABSORPT ","a."," Absorbed."
"ABSORPTION ","n."," The act or process of absorbing or sucking in anything, or of being absorbed and made to disappear; as, the absorption of bodies in a whirlpool, the absorption of a smaller tribe into a larger."
"ABSORPTION ","n."," An imbibing or reception by molecular or chemical action; as, the absorption of light, heat, electricity, etc."
"ABSORPTION ","n."," In living organisms, the process by which the materials of growth and nutrition are absorbed and conveyed to the tissues and organs."
"ABSORPTION ","n."," Entire engrossment or occupation of the mind; as, absorption in some employment."
"ABSORPTIVE ","a."," Having power, capacity, or tendency to absorb or imbibe."
"ABSORPTIVENESS ","n."," The quality of being absorptive; absorptive power."
"ABSORPTIVITY ","n."," Absorptiveness."
"ABSQUATULATE ","v. i."," To take one's self off; to decamp."
"ABSQUE HOC ",""," The technical words of denial used in traversing what has been alleged, and is repeated."
"ABSTAINED ","imp. & p. p."," of Abstain"
"ABSTAINING ","p. pr. & vb. n."," of Abstain"
"ABSTAIN ","v. i."," To hold one's self aloof; to forbear or refrain voluntarily, and especially from an indulgence of the passions or appetites; -- with from."
"ABSTAIN ","v. t."," To hinder; to withhold."
"ABSTAINER ","n."," One who abstains; esp., one who abstains from the use of intoxicating liquors."
"ABSTEMIOUS ","a."," Abstaining from wine."
"ABSTEMIOUS ","a."," Sparing in diet; refraining from a free use of food and strong drinks; temperate; abstinent; sparing in the indulgence of the appetite or passions."
"ABSTEMIOUS ","a."," Sparingly used; used with temperance or moderation; as, an abstemious diet."
"ABSTEMIOUS ","a."," Marked by, or spent in, abstinence; as, an abstemious life."
"ABSTEMIOUS ","a."," Promotive of abstemiousness."
"ABSTEMIOUSNESS ","n."," The quality of being abstemious, temperate, or sparing in the use of food and strong drinks. It expresses a greater degree of abstinence than temperance."
"ABSTENTION ","a."," The act of abstaining; a holding aloof."
"ABSTENTIOUS ","a."," Characterized by abstinence; self-restraining."
"ABSTERGE ","v. t."," To make clean by wiping; to wipe away; to cleanse; hence, to purge."
"ABSTERGENT ","a."," Serving to cleanse, detergent."
"ABSTERGENT ","n."," A substance used in cleansing; a detergent; as, soap is an abstergent."
"ABSTERSE ","v. t."," To absterge; to cleanse; to purge away."
"ABSTERSION ","n."," Act of wiping clean; a cleansing; a purging."
"ABSTERSIVE ","a."," Cleansing; purging."
"ABSTERSIVE ","n."," Something cleansing."
"ABSTERSIVENESS ","n."," The quality of being abstersive."
"ABSTINENCE ","n."," The act or practice of abstaining; voluntary forbearance of any action, especially the refraining from an indulgence of appetite, or from customary gratifications of animal or sensual propensities. Specifically, the practice of abstaining from intoxicating beverages, -- called also total abstinence."
"ABSTINENCE ","n."," The practice of self-denial by depriving one's self of certain kinds of food or drink, especially of meat."
"ABSTINENCY ","n."," Abstinence."
"ABSTINENT ","a."," Refraining from indulgence, especially from the indulgence of appetite; abstemious; continent; temperate."
"ABSTINENT ","n."," One who abstains."
"ABSTINENT ","n."," One of a sect who appeared in France and Spain in the 3d century."
"ABSTINENTLY ","adv."," With abstinence."
"ABSTORTED ","a."," Wrested away."
"ABSTRACT ","a."," Withdraw; separate."
"ABSTRACT ","a."," Considered apart from any application to a particular object; separated from matter; existing in the mind only; as, abstract truth, abstract numbers. Hence: ideal; abstruse; difficult."
"ABSTRACT ","a."," Expressing a particular property of an object viewed apart from the other properties which constitute it; -- opposed to concrete; as, honesty is an abstract word."
"ABSTRACT ","a."," Resulting from the mental faculty of abstraction; general as opposed to particular; as, ''reptile'' is an abstract or general name."
"ABSTRACT ","a."," Abstracted; absent in mind."
"ABSTRACTED ","imp. & p. p."," of Abstract"
"ABSTRACTING ","p. pr. & vb. n."," of Abstract"
"ABSTRACT ","a."," To withdraw; to separate; to take away."
"ABSTRACT ","a."," To draw off in respect to interest or attention; as, his was wholly abstracted by other objects."
"ABSTRACT ","a."," To separate, as ideas, by the operation of the mind; to consider by itself; to contemplate separately, as a quality or attribute."
"ABSTRACT ","a."," To epitomize; to abridge."
"ABSTRACT ","a."," To take secretly or dishonestly; to purloin; as, to abstract goods from a parcel, or money from a till."
"ABSTRACT ","a."," To separate, as the more volatile or soluble parts of a substance, by distillation or other chemical processes. In this sense extract is now more generally used."
"ABSTRACT ","v. t."," To perform the process of abstraction."
"ABSTRACT ","a."," That which comprises or concentrates in itself the essential qualities of a larger thing or of several things. Specifically: A summary or an epitome, as of a treatise or book, or of a statement; a brief."
"ABSTRACT ","a."," A state of separation from other things; as, to consider a subject in the abstract, or apart from other associated things."
"ABSTRACT ","a."," An abstract term."
"ABSTRACT ","a."," A powdered solid extract of a vegetable substance mixed with sugar of milk in such proportion that one part of the abstract represents two parts of the original substance."
"ABSTRACTED ","a."," Separated or disconnected; withdrawn; removed; apart."
"ABSTRACTED ","a."," Separated from matter; abstract; ideal."
"ABSTRACTED ","a."," Abstract; abstruse; difficult."
"ABSTRACTED ","a."," Inattentive to surrounding objects; absent in mind."
"ABSTRACTEDLY ","adv."," In an abstracted manner; separately; with absence of mind."
"ABSTRACTEDNESS ","n."," The state of being abstracted; abstract character."
"ABSTRACTER ","n."," One who abstracts, or makes an abstract."
"ABSTRACTION ","a."," The act of abstracting, separating, or withdrawing, or the state of being withdrawn; withdrawal."
"ABSTRACTION ","a."," The act process of leaving out of consideration one or more properties of a complex object so as to attend to others; analysis. Thus, when the mind considers the form of a tree by itself, or the color of the leaves as separate from their size or figure, the act is called abstraction. So, also, when it considers whiteness, softness, virtue, existence, as separate from any particular objects."
"ABSTRACTION ","a."," An idea or notion of an abstract, or theoretical nature; as, to fight for mere abstractions."
"ABSTRACTION ","a."," A separation from worldly objects; a recluse life; as, a hermit's abstraction."
"ABSTRACTION ","a."," Absence or absorption of mind; inattention to present objects."
"ABSTRACTION ","a."," The taking surreptitiously for one's own use part of the property of another; purloining."
"ABSTRACTION ","a."," A separation of volatile parts by the act of distillation."
"ABSTRACTIONAL ","a."," Pertaining to abstraction."
"ABSTRACTIONIST ","n."," An idealist."
"ABSTRACTITIOUS ","a."," Obtained from plants by distillation."
"ABSTRACTIVE ","a."," Having the power of abstracting; of an abstracting nature."
"ABSTRACTIVELY ","adv."," In a abstract manner; separately; in or by itself."
"ABSTRACTIVENESS ","n."," The quality of being abstractive; abstractive property."
"ABSTRACTLY ","adv."," In an abstract state or manner; separately; absolutely; by itself; as, matter abstractly considered."
"ABSTRACTNESS ","n."," The quality of being abstract."
"ABSTRINGE ","v. t."," To unbind."
"ABSTRUDE ","v. t."," To thrust away."
"ABSTRUSE ","a."," Concealed or hidden out of the way."
"ABSTRUSE ","a."," Remote from apprehension; difficult to be comprehended or understood; recondite; as, abstruse learning."
"ABSTRUSELY ","adv."," In an abstruse manner."
"ABSTRUSENESS ","n."," The quality of being abstruse; difficulty of apprehension."
"ABSTRUSION ","n."," The act of thrusting away."
"ABSTRUSITY ","n."," Abstruseness; that which is abstruse."
"ABSUME ","v. t."," To consume gradually; to waste away."
"ABSUMPTION ","n."," Act of wasting away; a consuming; extinction."
"ABSURD ","a."," Contrary to reason or propriety; obviously and fiatly opposed to manifest truth; inconsistent with the plain dictates of common sense; logically contradictory; nonsensical; ridiculous; as, an absurd person, an absurd opinion; an absurd dream."
"ABSURD ","n."," An absurdity."
"ABSURDITIES ","pl. "," of Absurdity"
"ABSURDITY ","n."," The quality of being absurd or inconsistent with obvious truth, reason, or sound judgment."
"ABSURDITY ","n."," That which is absurd; an absurd action; a logical contradiction."
"ABSURDLY ","adv."," In an absurd manner."
"ABSURDNESS ","n."," Absurdity."
"ABUNA ","n."," The Patriarch, or head of the Abyssinian Church."
"ABUNDANCE ","n."," An overflowing fullness; ample sufficiency; great plenty; profusion; copious supply; superfluity; wealth: -- strictly applicable to quantity only, but sometimes used of number."
"ABUNDANT ","a."," Fully sufficient; plentiful; in copious supply; -- followed by in, rarely by with."
"ABUNDANTLY ","adv."," In a sufficient degree; fully; amply; plentifully; in large measure."
"ABURST ","adv."," In a bursting condition."
"ABUSABLE ","a."," That may be abused."
"ABUSAGE ","n."," Abuse."
"ABUSED ","imp. & p. p."," of Abuse"
"ABUSING ","p. pr. & vb. n."," of Abuse"
"ABUSE ","v. t."," To put to a wrong use; to misapply; to misuse; to put to a bad use; to use for a wrong purpose or end; to pervert; as, to abuse inherited gold; to make an excessive use of; as, to abuse one's authority."
"ABUSE ","v. t."," To use ill; to maltreat; to act injuriously to; to punish or to tax excessively; to hurt; as, to abuse prisoners, to abuse one's powers, one's patience."
"ABUSE ","v. t."," To revile; to reproach coarsely; to disparage."
"ABUSE ","v. t."," To dishonor."
"ABUSE ","v. t."," To violate; to ravish."
"ABUSE ","v. t."," To deceive; to impose on."
"ABUSE ","v. t."," Improper treatment or use; application to a wrong or bad purpose; misuse; as, an abuse of our natural powers; an abuse of civil rights, or of privileges or advantages; an abuse of language."
"ABUSE ","v. t."," Physical ill treatment; injury."
"ABUSE ","v. t."," A corrupt practice or custom; offense; crime; fault; as, the abuses in the civil service."
"ABUSE ","v. t."," Vituperative words; coarse, insulting speech; abusive language; virulent condemnation; reviling."
"ABUSE ","v. t."," Violation; rape; as, abuse of a female child."
"ABUSEFUL ","a."," Full of abuse; abusive."
"ABUSER ","n."," One who abuses [in the various senses of the verb]."
"ABUSION ","v. t."," Evil or corrupt usage; abuse; wrong; reproach; deception; cheat."
"ABUSIVE ","a."," Wrongly used; perverted; misapplied."
"ABUSIVE ","a."," Given to misusing; also, full of abuses."
"ABUSIVE ","a."," Practicing abuse; prone to ill treat by coarse, insulting words or by other ill usage; as, an abusive author; an abusive fellow."
"ABUSIVE ","a."," Containing abuse, or serving as the instrument of abuse; vituperative; reproachful; scurrilous."
"ABUSIVE ","a."," Tending to deceive; fraudulent; cheating."
"ABUSIVELY ","adv."," In an abusive manner; rudely; with abusive language."
"ABUSIVENESS ","n."," The quality of being abusive; rudeness of language, or violence to the person."
"ABUTTED ","imp. & p. p."," of Abut"
"ABUTTING ","p. pr. & vb. n."," of Abut"
"ABUT ","v. i."," To project; to terminate or border; to be contiguous; to meet; -- with on, upon, or against; as, his land abuts on the road."
"ABUTILON ","n."," A genus of malvaceous plants of many species, found in the torrid and temperate zones of both continents; -- called also Indian mallow."
"ABUTMENT ","n."," State of abutting."
"ABUTMENT ","n."," That on or against which a body abuts or presses"
"ABUTMENT ","n."," The solid part of a pier or wall, etc., which receives the thrust or lateral pressure of an arch, vault, or strut."
"ABUTMENT ","n."," A fixed point or surface from which resistance or reaction is obtained, as the cylinder head of a steam engine, the fulcrum of a lever, etc."
"ABUTMENT ","n."," In breech-loading firearms, the block behind the barrel which receives the pressure due to recoil."
"ABUTTAL ","n."," The butting or boundary of land, particularly at the end; a headland."
"ABUTTER ","n."," One who, or that which, abuts. Specifically, the owner of a contiguous estate; as, the abutters on a street or a river."
"ABUZZ ","a."," In a buzz; buzzing."
"ABOUGHT ","imp. & p. p."," of Abye"
"ABY ","v. t. & i."," Alt. of Abye"
"ABYE ","v. t. & i."," To pay for; to suffer for; to atone for; to make amends for; to give satisfaction."
"ABYE ","v. t. & i."," To endure; to abide."
"ABYSM ","n."," An abyss; a gulf."
"ABYSMAL ","a."," Pertaining to, or resembling, an abyss; bottomless; unending; profound."
"ABYSMALLY ","adv."," To a fathomless depth; profoundly."
"ABYSS ","n."," A bottomless or unfathomed depth, gulf, or chasm; hence, any deep, immeasurable, and, specifically, hell, or the bottomless pit."
"ABYSS ","n."," Infinite time; a vast intellectual or moral depth."
"ABYSS ","n."," The center of an escutcheon."
"ABYSSAL ","a."," Belonging to, or resembling, an abyss; unfathomable."
"ABYSSINIAN ","a."," Of or pertaining to Abyssinia."
"ABYSSINIAN ","n."," A native of Abyssinia."
"ABYSSINIAN ","n."," A member of the Abyssinian Church."
"ACACIA ","n."," A roll or bag, filled with dust, borne by Byzantine emperors, as a memento of mortality. It is represented on medals."
"ACACIAS ","pl. "," of Acacia"
"ACACIAE ","pl. "," of Acacia"
"ACACIA ","n."," A genus of leguminous trees and shrubs. Nearly 300 species are Australian or Polynesian, and have terete or vertically compressed leaf stalks, instead of the bipinnate leaves of the much fewer species of America, Africa, etc. Very few are found in temperate climates."
"ACACIA ","n."," The inspissated juice of several species of acacia; -- called also gum acacia, and gum arabic."
"ACACIN ","n."," Alt. of Acacine"
"ACACINE ","n."," Gum arabic."
"ACADEME ","n."," An academy."
"ACADEMIAL ","a."," Academic."
"ACADEMIAN ","n."," A member of an academy, university, or college."
"ACADEMIC ","a."," Alt. of Academical"
"ACADEMICAL ","a."," Belonging to the school or philosophy of Plato; as, the Academic sect or philosophy."
"ACADEMICAL ","a."," Belonging to an academy or other higher institution of learning; scholarly; literary or classical, in distinction from scientific."
"ACADEMIC ","n."," One holding the philosophy of Socrates and Plato; a Platonist."
"ACADEMIC ","n."," A member of an academy, college, or university; an academician."
"ACADEMICALLY ","adv."," In an academical manner."
"ACADEMICALS ","n. pl."," The articles of dress prescribed and worn at some colleges and universities."
"ACADEMICIAN ","n."," A member of an academy, or society for promoting science, art, or literature, as of the French Academy, or the Royal Academy of arts."
"ACADEMICIAN ","n."," A collegian."
"ACADEMICISM ","n."," A tenet of the Academic philosophy."
"ACADEMICISM ","n."," A mannerism or mode peculiar to an academy."
"ACADEMISM ","n."," The doctrines of the Academic philosophy."
"ACADEMIST ","n."," An Academic philosopher."
"ACADEMIST ","n."," An academician."
"ACADEMIES ","pl. "," of Academy"
"ACADEMY ","n."," A garden or grove near Athens (so named from the hero Academus), where Plato and his followers held their philosophical conferences; hence, the school of philosophy of which Plato was head."
"ACADEMY ","n."," An institution for the study of higher learning; a college or a university. Popularly, a school, or seminary of learning, holding a rank between a college and a common school."
"ACADEMY ","n."," A place of training; a school."
"ACADEMY ","n."," A society of learned men united for the advancement of the arts and sciences, and literature, or some particular art or science; as, the French Academy; the American Academy of Arts and Sciences; academies of literature and philology."
"ACADEMY ","n."," A school or place of training in which some special art is taught; as, the military academy at West Point; a riding academy; the Academy of Music."
"ACADIAN ","a."," Of or pertaining to Acadie, or Nova Scotia."
"ACADIAN ","n."," A native of Acadie."
"ACAJOU ","n."," The cashew tree; also, its fruit. See Cashew."
"ACAJOU ","n."," The mahogany tree; also, its timber."
"ACALEPHS ","pl. "," of Acalephan"
"ACALEPHANS ","pl. "," of Acalephan"
"ACALEPH ","n."," Alt. of Acalephan"
"ACALEPHAN ","n."," One of the Acalephae."
"ACALEPHAE ","n. pl."," A group of Coelenterata, including the Medusae or jellyfishes, and hydroids; -- so called from the stinging power they possess. Sometimes called sea nettles."
"ACALEPHOID ","a."," Belonging to or resembling the Acalephae or jellyfishes."
"ACALYCINE ","a."," Alt. of Acalysinous"
"ACALYSINOUS ","a."," Without a calyx, or outer floral envelope."
"ACANTH ","n."," Same as Acanthus."
"ACANTHA ","n."," A prickle."
"ACANTHA ","n."," A spine or prickly fin."
"ACANTHA ","n."," The vertebral column; the spinous process of a vertebra."
"ACANTHACEOUS ","a."," Armed with prickles, as a plant."
"ACANTHACEOUS ","a."," Of, pertaining to, or resembling, the family of plants of which the acanthus is the type."
"ACANTHINE ","a."," Of, pertaining to, or resembling, the plant acanthus."
"ACANTHOCARPOUS ","a."," Having the fruit covered with spines."
"ACANTHOCEPHALA ","n. pl."," A group of intestinal worms, having the proboscis armed with recurved spines."
"ACANTHOCEPHALOUS ","a."," Having a spiny head, as one of the Acanthocephala."
"ACANTHOPHOROUS ","a."," Spine-bearing."
"ACANTHOPODIOUS ","a."," Having spinous petioles."
"ACANTHOPTERI ","n. pl."," A group of teleostean fishes having spiny fins. See Acanthopterygii."
"ACANTHOPTEROUS ","a."," Spiny-winged."
"ACANTHOPTEROUS ","a."," Acanthopterygious."
"ACANTHOPTERYGIAN ","a."," Belonging to the order of fishes having spinose fins, as the perch."
"ACANTHOPTERYGIAN ","n."," A spiny-finned fish."
"ACANTHOPTERYGII ","n. pl."," An order of fishes having some of the rays of the dorsal, ventral, and anal fins unarticulated and spinelike, as the perch."
"ACANTHOPTERYGIOUS ","a."," Having fins in which the rays are hard and spinelike; spiny-finned."
"ACANTHUSES ","pl. "," of Acanthus"
"ACANTHI ","pl. "," of Acanthus"
"ACANTHUS ","n."," A genus of herbaceous prickly plants, found in the south of Europe, Asia Minor, and India; bear's-breech."
"ACANTHUS ","n."," An ornament resembling the foliage or leaves of the acanthus (Acanthus spinosus); -- used in the capitals of the Corinthian and Composite orders."
"A CAPPELLA ",""," In church or chapel style; -- said of compositions sung in the old church style, without instrumental accompaniment; as, a mass a capella, i. e., a mass purely vocal."
"A CAPPELLA ",""," A time indication, equivalent to alla breve."
"ACAPSULAR ","a."," Having no capsule."
"ACARDIAC ","a."," Without a heart; as, an acardiac fetus."
"ACARIDAN ","n."," One of a group of arachnids, including the mites and ticks."
"ACARINA ","n. pl."," The group of Arachnida which includes the mites and ticks. Many species are parasitic, and cause diseases like the itch and mange."
"ACARINE ","a."," Of or caused by acari or mites; as, acarine diseases."
"ACAROID ","a."," Shaped like or resembling a mite."
"ACARPELLOUS ","a."," Having no carpels."
"ACARPOUS ","a."," Not producing fruit; unfruitful."
"ACARI ","pl. "," of Acarus"
"ACARUS ","n."," A genus including many species of small mites."
"ACATALECTIC ","a."," Not defective; complete; as, an acatalectic verse."
"ACATALECTIC ","n."," A verse which has the complete number of feet and syllables."
"ACATALEPSY ","n."," Incomprehensibility of things; the doctrine held by the ancient Skeptic philosophers, that human knowledge never amounts to certainty, but only to probability."
"ACATALEPTIC ","a."," Incapable of being comprehended; incomprehensible."
"ACATER ","n."," See Caterer."
"ACATES ","n. pl."," See Cates."
"ACAUDATE ","a."," Tailless."
"ACAULESCENT ","a."," Having no stem or caulis, or only a very short one concealed in the ground."
"ACAULINE ","a."," Same as Acaulescent."
"ACAULOSE ","a."," Alt. of Acaulous"
"ACAULOUS ","a."," Same as Acaulescent."
"ACCADIAN ","a."," Pertaining to a race supposed to have lived in Babylonia before the Assyrian conquest."
"ACCEDED ","imp. & p. p."," of Accede"
"ACCEDING ","p. pr. & vb. n."," of Accede"
"ACCEDE ","v. i."," To approach; to come forward; -- opposed to recede."
"ACCEDE ","v. i."," To enter upon an office or dignity; to attain."
"ACCEDE ","v. i."," To become a party by associating one's self with others; to give one's adhesion. Hence, to agree or assent to a proposal or a view; as, he acceded to my request."
"ACCEDENCE ","n."," The act of acceding."
"ACCEDER ","n."," One who accedes."
"ACCELERANDO ","a."," Gradually accelerating the movement."
"ACCELERATED ","imp. & p. p."," of Accelerate"
"ACCELERATING ","p. pr. & vb. n."," of Accelerate"
"ACCELERATE ","v. t."," To cause to move faster; to quicken the motion of; to add to the speed of; -- opposed to retard."
"ACCELERATE ","v. t."," To quicken the natural or ordinary progression or process of; as, to accelerate the growth of a plant, the increase of wealth, etc."
"ACCELERATE ","v. t."," To hasten, as the occurence of an event; as, to accelerate our departure."
"ACCELERATION ","n."," The act of accelerating, or the state of being accelerated; increase of motion or action; as, a falling body moves toward the earth with an acceleration of velocity; -- opposed to retardation."
"ACCELERATIVE ","a."," Relating to acceleration; adding to velocity; quickening."
"ACCELERATOR ","n."," One who, or that which, accelerates. Also as an adj.; as, accelerator nerves."
"ACCELERATORY ","a."," Accelerative."
"ACCELEROGRAPH ","n."," An apparatus for studying the combustion of powder in guns, etc."
"ACCELEROMETER ","n."," An apparatus for measuring the velocity imparted by gunpowder."
"ACCEND ","v. t."," To set on fire; to kindle."
"ACCENDIBILITY ","n."," Capacity of being kindled, or of becoming inflamed; inflammability."
"ACCENDIBLE ","a."," Capable of being inflamed or kindled; combustible; inflammable."
"ACCENSION ","n."," The act of kindling or the state of being kindled; ignition."
"ACCENSOR ","n."," One of the functionaries who light and trim the tapers."
"ACCENT ","n."," A superior force of voice or of articulative effort upon some particular syllable of a word or a phrase, distinguishing it from the others."
"ACCENT ","n."," A mark or character used in writing, and serving to regulate the pronunciation; esp.: (a) a mark to indicate the nature and place of the spoken accent; (b) a mark to indicate the quality of sound of the vowel marked; as, the French accents."
"ACCENT ","n."," Modulation of the voice in speaking; manner of speaking or pronouncing; peculiar or characteristic modification of the voice; tone; as, a foreign accent; a French or a German accent."
"ACCENT ","n."," A word; a significant tone"
"ACCENT ","n."," expressions in general; speech."
"ACCENT ","n."," Stress laid on certain syllables of a verse."
"ACCENT ","n."," A regularly recurring stress upon the tone to mark the beginning, and, more feebly, the third part of the measure."
"ACCENT ","n."," A special emphasis of a tone, even in the weaker part of the measure."
"ACCENT ","n."," The rhythmical accent, which marks phrases and sections of a period."
"ACCENT ","n."," The expressive emphasis and shading of a passage."
"ACCENT ","n."," A mark placed at the right hand of a letter, and a little above it, to distinguish magnitudes of a similar kind expressed by the same letter, but differing in value, as y', y''."
"ACCENT ","n."," A mark at the right hand of a number, indicating minutes of a degree, seconds, etc.; as, 12'27'', i. e., twelve minutes twenty seven seconds."
"ACCENT ","n."," A mark used to denote feet and inches; as, 6' 10'' is six feet ten inches."
"ACCENTED ","imp. & p. p."," of Accent"
"ACCENTING ","p. pr. & vb. n."," of Accent"
"ACCENT ","v. t."," To express the accent of (either by the voice or by a mark); to utter or to mark with accent."
"ACCENT ","v. t."," To mark emphatically; to emphasize."
"ACCENTLESS ","a."," Without accent."
"ACCENTOR ","n."," One who sings the leading part; the director or leader."
"ACCENTOR ","n."," A genus of European birds (so named from their sweet notes), including the hedge warbler. In America sometimes applied to the water thrushes."
"ACCENTUABLE ","a."," Capable of being accented."
"ACCENTUAL ","a."," Of or pertaining to accent; characterized or formed by accent."
"ACCENTUALITY ","n."," The quality of being accentual."
"ACCENTUALLY ","adv."," In an accentual manner; in accordance with accent."
"ACCENTUATED ","imp. & p. p."," of Accentuate"
"ACCENTUATING ","p. pr. & vb. n."," of Accentuate"
"ACCENTUATE ","v. t."," To pronounce with an accent or with accents."
"ACCENTUATE ","v. t."," To bring out distinctly; to make prominent; to emphasize."
"ACCENTUATE ","v. t."," To mark with the written accent."
"ACCENTUATION ","n."," Act of accentuating; applications of accent."
"ACCENTUATION ","n."," pitch or modulation of the voice in reciting portions of the liturgy."
"ACCEPTED ","imp. & p. p."," of Accept"
"ACCEPTING ","p. pr. & vb. n."," of Accept"
"ACCEPT ","v. t."," To receive with a consenting mind (something offered); as, to accept a gift; -- often followed by of."
"ACCEPT ","v. t."," To receive with favor; to approve."
